{"key": "District of Columbia_map", "filename": "data_03306.json", "data": {"x": [[-8584932.301979976, -8576166.893955423, -8571884.237695077, -8561514.465979757, -8569318.407562329, -8575942.919139948, -8575949.638024257, -8575953.27185259, -8581641.80915162, -8584932.301979976, -123456789.0]], "y": [[4712271.129560129, 4721033.881841332, 4716735.486341344, 4706335.141562507, 4698466.088675865, 4691870.298312256, 4698960.568712578, 4702797.317152404, 4707959.893355639, 4712271.129560129, -123456789.0]], "name": ["District of Columbia"], "state_name": ["District of Columbia"], "population": [-123456789.0], "current_Absolute_positive": [-1], "current_Absolute_death": [-1], "current_Absolute_recovered": [-1], "current_Absolute_positiveActive": [0.0], "current_positive_increase_mav": [-1]}, "nan_code": -123456789}